k,silhouette_score,inertia,davies_bouldin_index,calinski_harabasz_index
2,0.28600547,2.185835123062134,1.2874011828709129,3.765966456875077
3,0.10512676,1.8237394094467163,1.7527484703451066,3.274513405902775
4,0.21668337,1.5001254081726074,0.5253740603507835,3.223765083943594
5,0.09976502,1.2093610763549805,0.948821995971626,3.32755962563953
