k,silhouette_score,inertia,davies_bouldin_index,calinski_harabasz_index
2,0.11815396,5.673193454742432,2.323154391912868,3.6565018598998056
3,0.082895644,5.036661148071289,2.1926528614957896,3.1569484401491503
4,0.074017294,4.575230598449707,2.0361725186488004,2.8000748811504295
5,0.058645632,4.200259685516357,1.760660053485338,2.539861837400251
